{
    "parameters": {
        "benchmark": "random_lp",
        "use_new_generation_method": false,
        "add_variable_upper_bounds": false,
        "num_vars": 100,
        "num_constrs": 50,
        "num_data": 500,
        "num_feat": 5,
        "deg": 8,
        "e": 0,
        "model": "linear",
        "batch_size": 32,
        "num_epochs": 5,
        "log_every_n_epochs": 10,
        "seed": 0
    },
    "methods": [
        {
            "name": "MSE",
            "train_regrets": [
                [
                    0.7155581770102869,
                    0.5370969820081302,
                    0.20957678471323138
                ]
            ],
            "val_regrets": [
                [
                    0.7077220755509531,
                    0.5265663693495651,
                    0.22555552865462436
                ]
            ],
            "test_regrets": [
                0.21701226420463593
            ],
            "train_times": [
                0.004312038421630859
            ]
        },
        {
            "name": "SPO+",
            "train_regrets": [
                [
                    0.713312404132382,
                    0.46513162047004764,
                    0.06699876053835242
                ]
            ],
            "val_regrets": [
                [
                    0.7280016231118439,
                    0.4765770005118873,
                    0.06891323207699279
                ]
            ],
            "test_regrets": [
                0.07256733395096748
            ],
            "train_times": [
                1.5690679550170898
            ]
        },
        {
            "name": "PFYL",
            "train_regrets": [
                [
                    0.713312404132382,
                    0.51929562809156,
                    0.03231589463024176
                ]
            ],
            "val_regrets": [
                [
                    0.7280016231118439,
                    0.5258504942097059,
                    0.04722328358468317
                ]
            ],
            "test_regrets": [
                0.04625961271976148
            ],
            "train_times": [
                1.8180983066558838
            ]
        },
        {
            "name": "NCE",
            "train_regrets": [
                [
                    0.713312404132382,
                    0.4993417230238335,
                    0.13040940421198063
                ]
            ],
            "val_regrets": [
                [
                    0.7280016231118439,
                    0.5024210941593058,
                    0.12721910522560595
                ]
            ],
            "test_regrets": [
                0.13147271775443894
            ],
            "train_times": [
                0.0981907844543457
            ]
        },
        {
            "name": "CaVE",
            "train_regrets": [
                [
                    0.713312404132382,
                    0.5622873255792468,
                    0.172178588483198
                ]
            ],
            "val_regrets": [
                [
                    0.7280016231118439,
                    0.5653151486129064,
                    0.17744937392963103
                ]
            ],
            "test_regrets": [
                0.1964028327929662
            ],
            "train_times": [
                9.148184776306152
            ]
        },
        {
            "name": "LAVA",
            "train_regrets": [
                [
                    0.713312404132382,
                    0.6936396089736198,
                    0.2869239158541072
                ]
            ],
            "val_regrets": [
                [
                    0.7280016231118439,
                    0.6948970538885985,
                    0.28368891667004575
                ]
            ],
            "test_regrets": [
                0.29974997629039307
            ],
            "train_times": [
                0.10548758506774902
            ]
        }
    ]
}